id,customer_id,building_detail_id,address_id,building_administrator_full_name,building_administrator_email,building_administrator_phone,building_technical_contact_name,building_technical_contact_email,building_technical_contact_phone,created_at,updated_at
1,1,1,2,Shaina Claibourn,dplenderleith0@china.com.cn,766-829-0543,Darryl Plenderleith,dplenderleith0@hc360.com,759-138-9539,2016-04-24 02:42:41,2018-02-16 19:18:56
2,2,2,4,Douglas Worts,sbourgaize1@cbsnews.com,831-973-8280,Silvan Bourgaize,sbourgaize1@smugmug.com,506-334-5854,2016-06-24 10:58:50,2017-10-31 07:58:30
3,3,3,6,Timmy Woolrich,mfitzackerley2@cam.ac.uk,785-122-5643,Mariejeanne Fitzackerley,mfitzackerley2@weibo.com,142-117-4368,2016-05-07 19:51:58,2018-03-07 13:10:56
4,4,4,8,Gaston Readett,lborchardt3@google.de,769-854-2094,Lurette Borchardt,lborchardt3@pen.io,737-439-8951,2017-04-14 15:05:32,2018-03-28 13:21:09
5,5,5,10,Trix Hanson,fstonard4@live.com,809-879-3412,Frannie Stonard,fstonard4@sciencedirect.com,916-578-1545,2016-12-04 03:16:11,2018-05-29 20:37:10
6,6,6,12,Natasha Pancoast,lricciardiello5@cocolog-nifty.com,536-664-0249,Lenka Ricciardiello,lricciardiello5@elegantthemes.com,224-113-5240,2016-06-27 13:50:19,2018-09-03 03:58:04
7,7,7,14,Jule Winscum,lskipper6@hugedomains.com,660-226-7486,Lisabeth Skipper,lskipper6@google.com,880-397-8399,2016-06-18 23:42:31,2017-06-19 09:49:23
8,8,8,16,Saul Girhard,yhastler7@smh.com.au,116-766-7172,Yehudit Hastler,yhastler7@t-online.de,851-366-8446,2016-06-15 22:16:40,2017-11-16 03:52:31
9,9,9,18,Fernandina Venturoli,nantoszczyk8@privacy.gov.au,960-541-4030,Nedda Antoszczyk,nantoszczyk8@businessinsider.com,163-897-3058,2016-09-04 14:03:48,2018-12-29 03:57:18
10,10,10,20,Raymond De Biaggi,ajaquemar9@wired.com,516-866-1728,Arlyn Jaquemar,ajaquemar9@discuz.net,933-590-7176,2016-07-20 06:14:12,2018-01-23 05:49:50
11,11,11,22,Leonard Botcherby,aisgara@yelp.com,502-971-3937,Allard Isgar,aisgara@java.com,431-280-6206,2016-10-15 15:00:19,2018-05-08 09:12:56
12,12,12,24,Angelique Soltan,aewenceb@reuters.com,846-466-9363,Alric Ewence,aewenceb@artisteer.com,210-382-8594,2016-08-18 03:04:34,2017-11-19 16:33:43
13,13,13,26,Blair Barnsdall,mbrittanc@tripadvisor.com,435-940-5873,Matti Brittan,mbrittanc@chron.com,319-750-7938,2016-07-17 23:22:17,2018-01-04 09:08:23
14,14,14,28,Ferrel Castelain,tbutterisd@cloudflare.com,892-917-1611,Tadeas Butteris,tbutterisd@ocn.ne.jp,285-677-5986,2016-09-22 21:04:02,2018-02-11 06:16:42
15,15,15,30,Willey Kinloch,lgervaisee@sbwire.com,995-726-1039,Linnea Gervaise,lgervaisee@latimes.com,271-101-5147,2016-09-27 06:44:21,2018-05-20 00:23:18
16,16,16,32,Renata Laughrey,sbatief@theatlantic.com,290-407-5149,Sashenka Batie,sbatief@ow.ly,795-563-4903,2016-06-15 16:31:40,2018-06-16 10:39:52
17,17,17,34,Yetty Withers,scowdryg@cnet.com,122-767-3258,Siobhan Cowdry,scowdryg@buzzfeed.com,398-694-7394,2017-02-08 07:54:05,2018-11-28 19:12:46
18,18,18,36,Emmey Achurch,vstrewthersh@abc.net.au,530-128-8972,Vivyanne Strewthers,vstrewthersh@dropbox.com,772-371-8713,2016-05-20 13:58:38,2018-03-03 16:14:53
19,19,19,38,Ashil Mechan,djohansseni@symantec.com,239-806-3391,Dora Johanssen,djohansseni@meetup.com,585-332-9754,2016-07-14 17:14:16,2018-08-06 16:17:59
20,20,20,40,Helge Leagas,ssimonnetj@mit.edu,998-286-2234,Susann Simonnet,ssimonnetj@ucoz.ru,458-507-5193,2016-06-08 22:32:23,2018-04-19 03:07:35
21,21,21,42,Danica Sprigin,zakessk@un.org,867-587-4963,Zechariah Akess,zakessk@hp.com,132-674-2177,2017-06-10 14:16:36,2017-11-14 20:25:37
22,22,22,44,Kanya Mattheis,bmcnyschel@newyorker.com,131-707-5414,Brannon McNysche,bmcnyschel@mapy.cz,942-692-9769,2016-11-16 19:13:07,2018-09-11 20:03:44
23,23,23,46,Ivie McLuckie,kcandelinm@fema.gov,874-784-1803,Kiley Candelin,kcandelinm@t.co,228-121-1265,2016-10-24 05:43:34,2018-03-01 21:42:07
24,24,24,48,Laure Warder,eblowickn@example.com,106-490-0170,Effie Blowick,eblowickn@behance.net,638-546-8127,2017-02-01 02:47:25,2017-11-08 04:57:50
25,25,25,50,Fenelia Garratt,nseargeanto@umich.edu,689-852-2610,North Seargeant,nseargeanto@moonfruit.com,627-166-5841,2016-07-26 04:07:27,2018-07-21 23:31:31
26,26,26,52,Taryn Knowlman,hdurnop@networksolutions.com,254-986-5982,Hettie Durno,hdurnop@biblegateway.com,132-827-1531,2017-01-29 21:32:45,2019-01-19 00:43:10
27,27,27,54,Fleming Heindl,hmostinq@lulu.com,251-234-7286,Hermia Mostin,hmostinq@twitpic.com,683-459-8681,2016-08-09 06:09:45,2018-12-07 07:07:53
28,28,28,56,Wynne Syder,meckfordr@addthis.com,555-509-0599,Miriam Eckford,meckfordr@gmpg.org,518-519-4428,2017-03-30 18:51:56,2018-11-30 10:02:44
29,29,29,58,Derrek O  Mullan,aelnaughs@omniture.com,685-341-0480,Ardenia Elnaugh,aelnaughs@ucsd.edu,314-193-0430,2016-03-13 20:20:46,2017-11-09 03:32:13
30,30,30,60,Leia Arnowicz,wlevenst@imdb.com,278-857-2225,Wynn Levens,wlevenst@state.tx.us,396-410-5856,2016-07-16 08:58:36,2017-10-08 03:55:08
31,31,31,62,Arnaldo Brugsma,bmacurau@wix.com,859-848-5754,Breena Macura,bmacurau@comcast.net,723-265-5588,2016-10-06 00:52:16,2018-02-04 17:37:07
32,32,32,64,Costanza Cowlam,abonteinv@com.com,593-214-8011,Anna-maria Bontein,abonteinv@usa.gov,316-444-7283,2016-10-12 07:24:56,2018-01-20 10:01:00
33,33,33,66,Lesley Pauleit,ctideswellw@cbsnews.com,188-222-9048,Cahra Tideswell,ctideswellw@hibu.com,947-143-0126,2016-04-24 06:29:48,2017-12-16 09:45:13
34,34,34,68,Dudley Oliva,wcheekex@jimdo.com,285-639-5693,Wally Cheeke,wcheekex@businessinsider.com,982-948-7586,2017-01-20 01:23:09,2018-11-17 13:13:02
35,35,35,70,Toby Batcheldor,elodyy@nifty.com,277-921-5385,Evelina Lody,elodyy@shinystat.com,770-642-8694,2016-09-27 06:49:29,2017-09-08 13:23:21
36,36,36,72,Alon Sayburn,mpyettz@answers.com,345-835-0495,Muffin Pyett,mpyettz@answers.com,165-658-2817,2016-09-13 03:08:29,2018-10-27 00:49:03
37,37,37,74,Kenn Buddell,dtowns10@google.cn,948-494-0947,Dodie Towns,dtowns10@php.net,124-775-3722,2016-08-31 13:50:59,2018-10-10 16:34:16
38,38,38,76,Elias Butterick,ibyrd11@latimes.com,720-802-6609,Ida Byrd,ibyrd11@google.com.au,487-994-2776,2016-04-10 00:06:56,2017-11-13 02:08:43
39,39,39,78,Arel Derington,gfrenzl12@hhs.gov,440-363-6386,Gabbie Frenzl,gfrenzl12@1und1.de,595-155-1687,2016-03-14 20:08:33,2017-08-07 09:28:32
40,40,40,80,Domingo Deabill,ctibbotts13@bloglovin.com,696-504-8554,Charlotte Tibbotts,ctibbotts13@webnode.com,679-977-9131,2016-06-16 03:50:18,2019-02-07 20:16:46
41,41,41,82,Bartlet Rabier,dfarrant14@topsy.com,171-363-8950,Drake Farrant,dfarrant14@google.com.hk,963-129-2430,2016-05-17 09:25:55,2017-10-13 04:16:48
42,42,42,84,Ase Landells,ebenford15@mit.edu,986-115-9073,Erv Benford,ebenford15@webnode.com,924-335-5148,2016-11-02 03:37:02,2018-06-13 19:56:25
43,43,43,86,Kori Lammiman,mmeedendorpe16@tamu.edu,488-224-1572,Magdalene Meedendorpe,mmeedendorpe16@flavors.me,937-629-3440,2017-06-06 03:25:42,2018-07-31 23:35:29
44,44,44,88,Trescha Gomersall,sdumini17@shareasale.com,399-956-7580,Shana Dumini,sdumini17@stanford.edu,131-879-8302,2016-03-15 01:41:12,2018-10-16 08:36:45
45,45,45,90,Chase Greengrass,demanulsson18@salon.com,931-917-9225,Devin Emanulsson,demanulsson18@merriam-webster.com,701-313-1439,2016-08-01 13:40:50,2018-12-28 06:29:20
46,46,46,92,Rosa Duplock,lbushell19@smh.com.au,132-177-0118,Leia Bushell,lbushell19@jigsy.com,700-195-4733,2016-05-18 17:41:18,2017-11-01 10:19:05
47,47,47,94,Ralina Martensen,lbarbier1a@nyu.edu,869-411-5202,Lorettalorna Barbier,lbarbier1a@photobucket.com,754-134-7833,2016-03-19 06:39:49,2018-07-03 07:20:10
48,48,48,96,Raynell Diegan,aschimoni1b@artisteer.com,562-586-0764,Austin Schimoni,aschimoni1b@mashable.com,809-701-6674,2016-07-10 23:35:24,2019-02-12 01:21:11
49,49,49,98,Westbrook Murt,kmenichillo1c@pen.io,512-527-6201,Koral Menichillo,kmenichillo1c@topsy.com,334-846-1557,2016-08-04 10:06:35,2017-11-08 17:36:24
50,50,50,100,Donnamarie Whaites,atakis1d@oaic.gov.au,319-977-6518,Adelaide Takis,atakis1d@twitter.com,346-700-6158,2016-11-09 05:08:39,2017-11-20 13:03:09
51,51,51,102,Rubi Josipovitz,rsimonetti1e@issuu.com,113-627-1040,Roseann Simonetti,rsimonetti1e@techcrunch.com,434-680-3380,2017-02-17 16:49:36,2018-12-14 21:58:12
52,52,52,104,Blithe Neljes,tnewborn1f@apple.com,508-240-1151,Tracey Newborn,tnewborn1f@macromedia.com,799-318-4660,2016-11-26 02:43:38,2018-12-05 19:32:26
53,53,53,106,Tommy Strother,lwhightman1g@google.es,412-917-7279,Lisetta Whightman,lwhightman1g@blogs.com,178-760-2946,2017-05-07 20:20:52,2017-10-18 08:13:59
54,54,54,108,Maurene Bartel,ecanizares1h@so-net.ne.jp,565-369-7198,Engracia Canizares,ecanizares1h@csmonitor.com,666-769-8179,2016-03-18 16:13:12,2018-09-25 15:50:33
55,55,55,110,Donny Walisiak,trolph1i@seesaa.net,108-810-0140,Tildie Rolph,trolph1i@marketwatch.com,446-547-9289,2017-05-21 15:15:16,2018-10-16 05:20:40
56,56,56,112,Isabelle Tomasek,fduhig1j@flavors.me,665-532-4667,Fanechka Duhig,fduhig1j@bravesites.com,650-194-7770,2016-09-13 12:34:35,2018-03-25 12:52:59
57,57,57,114,Calla Deedes,lbarta1k@quantcast.com,878-913-8245,Lynnet Barta,lbarta1k@timesonline.co.uk,436-738-0485,2016-09-07 01:31:23,2018-04-21 18:19:19
58,58,58,116,Andrus Acland,htumpane1l@ocn.ne.jp,148-567-5261,Hedvige Tumpane,htumpane1l@skyrock.com,777-500-4943,2016-10-06 12:05:38,2019-01-11 02:12:08
59,59,59,118,Wolfie Cobbledick,cpetrasso1m@tiny.cc,814-383-9760,Cassaundra Petrasso,cpetrasso1m@imgur.com,991-234-1776,2016-05-03 11:22:23,2018-08-13 03:06:06
60,60,60,120,Tripp Suche,dcartmer1n@oaic.gov.au,595-102-2377,Dolph Cartmer,dcartmer1n@arstechnica.com,762-469-5262,2016-08-11 12:00:55,2018-10-05 15:54:51
61,61,61,122,Tedie Bogace,ccomi1o@w3.org,188-751-7766,Curtice Comi,ccomi1o@lulu.com,903-239-9957,2017-01-08 16:28:30,2018-07-12 09:14:54
62,62,62,124,Olly Wyldes,lghelerdini1p@jiathis.com,952-934-0254,Lonnard Ghelerdini,lghelerdini1p@hostgator.com,172-411-7241,2016-10-22 20:16:23,2018-03-17 09:21:14
63,63,63,126,Kain Shoppee,kferris1q@businessweek.com,165-969-2021,Ketty Ferris,kferris1q@indiegogo.com,911-379-8643,2016-10-04 20:44:08,2018-03-17 14:17:16
64,64,64,128,Mag Scudders,bcasino1r@cornell.edu,509-932-5321,Burke Casino,bcasino1r@mit.edu,349-900-3641,2016-05-01 11:45:17,2017-08-12 12:41:28
65,65,65,130,Allis Williams,asmeaton1s@reddit.com,107-688-8368,Augusto Smeaton,asmeaton1s@spiegel.de,809-869-3974,2016-04-24 19:37:16,2018-04-06 19:42:13
66,66,66,132,Omar Longina,aelis1t@cbsnews.com,898-506-7229,Amanda Elis,aelis1t@wisc.edu,838-703-3862,2017-01-07 22:24:08,2018-01-28 04:53:41
67,67,67,134,Tanny McAree,msurtees1u@harvard.edu,678-791-0852,Martguerita Surtees,msurtees1u@reference.com,850-645-9909,2017-05-03 00:03:34,2018-07-04 10:47:52
68,68,68,136,Raychel Oloshin,fsivil1v@dyndns.org,563-943-2182,Fay Sivil,fsivil1v@imageshack.us,746-460-5471,2016-10-25 06:09:21,2018-02-26 18:31:38
69,69,69,138,Whitney Martindale,sberge1w@admin.ch,729-181-4040,Sadye Berge,sberge1w@cafepress.com,312-159-4798,2016-11-12 12:37:27,2019-01-29 20:38:47
70,70,70,140,Phillipe Learoyd,dplatt1x@omniture.com,331-591-0391,Damian Platt,dplatt1x@geocities.jp,337-409-0214,2017-02-19 05:04:54,2018-02-19 05:21:34
71,71,71,142,Darrelle Liveley,tiacobacci1y@spiegel.de,303-966-6921,Tam Iacobacci,tiacobacci1y@delicious.com,406-232-2960,2016-08-13 16:12:45,2019-03-07 05:01:31
72,72,72,144,Guthrie Christauffour,cgreg1z@joomla.org,102-273-8757,Corbin Greg,cgreg1z@xing.com,486-481-8310,2017-05-20 00:22:36,2017-10-31 23:37:51
73,73,73,146,Tasia Rustan,rdurnian20@stumbleupon.com,610-722-5421,Ricki Durnian,rdurnian20@xing.com,895-232-4662,2016-05-02 19:52:08,2017-08-25 19:46:26
74,74,74,148,Torr Midghall,pstryde21@goo.gl,286-374-9994,Prince Stryde,pstryde21@woothemes.com,747-795-6611,2016-11-08 14:33:51,2018-05-19 20:07:59
75,75,75,150,Karol Sutch,acrangle22@nydailynews.com,330-204-1896,Ashlan Crangle,acrangle22@ustream.tv,645-683-9478,2017-05-28 17:19:05,2018-11-14 21:17:18
76,76,76,152,Klarika Codi,vlippitt23@ocn.ne.jp,614-280-1889,Vicki Lippitt,vlippitt23@google.fr,536-492-9769,2016-04-06 02:09:14,2017-07-29 21:03:07
77,77,77,154,Catherina McManamen,ymickelwright24@businessweek.com,827-628-4670,Yurik Mickelwright,ymickelwright24@amazon.co.jp,273-448-0533,2016-10-27 14:35:20,2018-05-29 23:54:38
78,78,78,156,Sander Sacase,dtitcombe25@ca.gov,226-105-7533,Dotty Titcombe,dtitcombe25@exblog.jp,737-969-1562,2017-02-22 16:26:59,2018-03-18 15:28:24
79,79,79,158,Lynn Charrington,rroux26@jalbum.net,563-337-5133,Robinette Roux,rroux26@woothemes.com,498-902-0122,2016-08-12 22:47:45,2018-03-01 16:11:51
80,80,80,160,Blisse Enrico,dkinchin27@dedecms.com,349-450-7772,Doralynn Kinchin,dkinchin27@prweb.com,178-330-4643,2017-01-07 04:21:48,2017-12-21 01:07:53
81,81,81,162,Edyth Hargitt,btomasini28@mapquest.com,486-513-2569,Bondie Tomasini,btomasini28@qq.com,763-242-6936,2016-10-11 07:15:38,2018-08-09 17:27:53
82,82,82,164,Ephrayim Frick,thacker29@ebay.com,492-675-0656,Tilly Hacker,thacker29@mit.edu,590-844-8748,2016-07-17 04:25:06,2018-02-24 11:36:17
83,83,83,166,Ivette Showell,vmarven2a@elegantthemes.com,609-403-7320,Vachel Marven,vmarven2a@ebay.com,863-389-3909,2016-04-03 05:10:37,2018-04-22 12:07:08
84,84,84,168,Uri Tizzard,mjoyner2b@goo.gl,313-948-2171,Max Joyner,mjoyner2b@jiathis.com,257-148-8100,2017-05-23 09:18:12,2018-12-15 22:30:55
85,85,85,170,Terrel Vesque,mrollitt2c@addtoany.com,297-626-9926,Maddie Rollitt,mrollitt2c@imageshack.us,139-257-5076,2017-03-25 15:37:10,2019-02-19 01:53:47
86,86,86,172,Sherri Armes,tdickinson2d@boston.com,183-128-5090,Tito Dickinson,tdickinson2d@deviantart.com,422-612-2698,2016-03-18 13:03:40,2018-02-19 14:06:56
87,87,87,174,Peyton Templeton,mmalloy2e@spotify.com,805-223-8737,Marcille Malloy,mmalloy2e@blinklist.com,306-308-4973,2016-03-31 04:40:37,2019-03-09 17:04:11
88,88,88,176,Xaviera Carbery,hfaucett2f@google.com.hk,577-893-2975,Huntington Faucett,hfaucett2f@sphinn.com,231-853-4524,2016-05-01 03:34:06,2018-04-21 15:56:54
89,89,89,178,Anny Reye,fdeverill2g@reference.com,720-807-9088,Francine Deverill,fdeverill2g@deliciousdays.com,496-775-1053,2016-11-22 16:00:25,2018-02-07 02:29:15
90,90,90,180,Angie Forty,cbeiderbeck2h@typepad.com,162-651-6875,Cris Beiderbeck,cbeiderbeck2h@wsj.com,881-455-5023,2016-10-02 19:47:39,2018-09-12 21:04:00
91,91,91,182,Goldie Kilfedder,jhentzer2i@ask.com,998-763-3760,Janifer Hentzer,jhentzer2i@parallels.com,760-892-2281,2016-12-15 15:57:26,2017-08-09 23:59:16
92,92,92,184,Rania Brocklesby,dmcgriffin2j@cornell.edu,649-409-8281,Donnamarie McGriffin,dmcgriffin2j@un.org,285-728-9430,2016-05-14 23:13:25,2017-07-05 03:10:36
93,93,93,186,Teddi Hryniewicz,ogreaser2k@t-online.de,760-983-0598,Orelle Greaser,ogreaser2k@smh.com.au,715-124-7048,2017-05-29 11:47:40,2019-02-22 13:18:28
94,94,94,188,Jerrie Castro,kmoye2l@posterous.com,481-569-2062,Kata Moye,kmoye2l@craigslist.org,824-572-6566,2016-09-09 23:57:06,2018-02-19 09:13:08
95,95,95,190,Ad Savins,tbernhardt2m@whitehouse.gov,447-982-6731,Temp Bernhardt,tbernhardt2m@salon.com,450-478-6058,2016-06-10 10:38:00,2018-05-27 19:53:48
96,96,96,192,Arlen Sawday,jbenson2n@bigcartel.com,602-646-6243,Janis Benson,jbenson2n@cyberchimps.com,398-772-6762,2017-04-18 02:39:43,2017-11-27 14:52:35
97,97,97,194,Hewett Mapson,ramer2o@theglobeandmail.com,654-929-6047,Rhodie Amer,ramer2o@oaic.gov.au,472-960-0958,2016-08-30 11:24:13,2018-03-05 00:50:04
98,98,98,196,Darcey Benallack,egerrelts2p@utexas.edu,478-955-8242,Eda Gerrelts,egerrelts2p@typepad.com,583-200-6255,2016-11-29 21:03:21,2018-01-01 19:58:13
99,99,99,198,Caresa Allewell,favrahamy2q@whitehouse.gov,148-980-2138,Fawne Avrahamy,favrahamy2q@senate.gov,265-282-0317,2016-09-26 10:51:22,2018-05-30 13:22:01
100,100,100,200,Darius Portman,bhearnah2r@moonfruit.com,286-933-0693,Benoit Hearnah,bhearnah2r@vimeo.com,761-878-3253,2016-05-01 11:53:30,2019-01-22 12:32:25
101,101,101,202,Mal Dorset,nduplain2s@redcross.org,393-523-8541,Nicola Duplain,nduplain2s@seesaa.net,360-795-8931,2017-03-26 09:22:47,2018-10-02 20:55:32
102,102,102,204,Henrieta Marsy,ntunney2t@cnet.com,631-165-4026,Nerita Tunney,ntunney2t@soundcloud.com,589-355-6099,2016-09-21 21:12:05,2018-07-05 18:41:35
103,103,103,206,Huberto Grove,vmathison2u@tmall.com,451-558-9883,Vania Mathison,vmathison2u@studiopress.com,394-567-2578,2017-04-19 00:45:28,2019-02-10 14:50:17
104,104,104,208,Onida La Batie,ufavela2v@boston.com,644-657-9093,Ursala Favela,ufavela2v@facebook.com,928-987-5392,2016-08-14 18:13:03,2018-01-19 14:13:23
105,105,105,210,Rozalin Amphlett,kgason2w@google.ca,884-602-0247,Keelby Gason,kgason2w@craigslist.org,892-869-1307,2017-02-08 19:00:59,2018-11-24 05:52:45
106,106,106,212,Georgeanna Lillow,anolte2x@friendfeed.com,677-145-7354,Alva Nolte,anolte2x@phpbb.com,921-413-0997,2016-05-10 02:33:38,2018-04-11 23:40:22
107,107,107,214,Wes Broomhead,cpates2y@umn.edu,787-639-9364,Carolann Pates,cpates2y@cbsnews.com,185-434-7535,2017-01-15 17:46:56,2018-06-22 12:43:38
108,108,108,216,Vanya Brookesbie,tsall2z@blinklist.com,341-131-7394,Tawnya Sall,tsall2z@wikipedia.org,277-579-1789,2017-04-09 07:21:54,2019-01-28 10:34:12
109,109,109,218,Lani Locock,hgritland30@amazon.co.uk,181-977-7643,Holli Gritland,hgritland30@google.com,920-162-3442,2016-03-23 19:37:13,2018-02-01 18:14:14
110,110,110,220,Georgeanne Matignon,jmayze31@jimdo.com,470-170-1289,Jarib Mayze,jmayze31@dagondesign.com,615-725-9981,2017-03-01 11:18:11,2017-08-05 18:38:47
111,111,111,222,Mariele Cracknall,shinckes32@bloomberg.com,459-825-0912,Sibeal Hinckes,shinckes32@printfriendly.com,167-109-4619,2016-06-27 07:59:12,2018-08-04 00:41:53
112,112,112,224,Lizabeth Tomet,jblazek33@123-reg.co.uk,822-866-3022,Jaine Blazek,jblazek33@ibm.com,246-899-8901,2017-06-10 15:48:28,2017-11-06 21:52:54
113,113,113,226,Brande Lung,cleversha34@furl.net,607-741-0675,Cori Leversha,cleversha34@google.com,369-417-2916,2016-09-26 01:57:07,2018-08-13 09:09:54
114,114,114,228,Noelle Polglase,tivanisov35@creativecommons.org,375-896-1897,Teresa Ivanisov,tivanisov35@fc2.com,211-970-2121,2017-06-07 09:44:05,2018-07-06 17:07:21
115,115,115,230,Arluene Bruggen,gdraude36@nymag.com,199-582-1534,Gian Draude,gdraude36@fc2.com,913-956-4109,2017-06-09 04:28:12,2018-12-11 16:04:32
116,116,116,232,Kori Schindler,dwitt37@wsj.com,396-691-1408,De witt Marskell,dwitt37@creativecommons.org,561-153-5903,2017-02-12 12:11:01,2018-11-29 16:17:31
117,117,117,234,Clint Shelbourne,mbeevors38@etsy.com,763-982-0868,Milli Beevors,mbeevors38@goodreads.com,604-193-2992,2016-07-13 03:18:50,2019-01-11 05:16:55
118,118,118,236,Roy Attle,edarlington39@weather.com,713-663-5524,Elbertine Darlington,edarlington39@cocolog-nifty.com,998-293-3218,2017-04-02 20:56:56,2017-12-23 14:19:20
119,119,119,238,Dacy Joselevitz,wcoltherd3a@hud.gov,860-248-9918,Wye Coltherd,wcoltherd3a@mac.com,366-910-8973,2016-09-15 16:57:26,2017-10-26 14:21:07
120,120,120,240,Russell Stoade,cbenzies3b@nih.gov,178-634-2049,Candis Benzies,cbenzies3b@spotify.com,616-415-3194,2017-02-02 11:22:17,2018-07-03 12:45:46
121,121,121,242,Zorah De Paepe,jmcauslene3c@cloudflare.com,554-218-6396,Juanita McAuslene,jmcauslene3c@taobao.com,627-436-2560,2017-05-01 01:41:12,2017-07-09 02:06:42
122,122,122,244,Stavros Cleator,fskerme3d@stanford.edu,997-634-0533,Felicdad Skerme,fskerme3d@1688.com,587-651-0851,2017-05-14 08:13:04,2019-01-03 02:43:31
123,123,123,246,Megen Berney,rwitherup3e@usa.gov,132-294-4185,Rowan Witherup,rwitherup3e@godaddy.com,889-623-2445,2016-10-17 03:27:36,2018-06-24 06:31:48
124,124,124,248,Mella Waycott,nranyelld3f@tuttocitta.it,104-200-2279,Nicolea Ranyelld,nranyelld3f@fotki.com,349-855-1786,2017-05-03 01:09:30,2018-05-15 14:47:34
125,125,125,250,Wright Spellward,ohenric3g@joomla.org,574-881-8757,Obediah Henric,ohenric3g@businesswire.com,926-242-1825,2016-09-02 11:52:48,2018-01-11 21:19:19
126,126,126,252,Olenolin Baguley,csugden3h@nymag.com,986-890-9845,Courtenay Sugden,csugden3h@nifty.com,280-428-2734,2017-01-28 16:02:43,2019-01-25 18:14:30
127,127,127,254,Cheston Paine,bsorrill3i@mysql.com,303-990-5955,Burgess Sorrill,bsorrill3i@who.int,901-371-7353,2016-12-20 10:13:48,2017-11-14 21:30:47
128,128,128,256,Nanice Mathen,kbenian3j@state.tx.us,513-815-5353,Kermit Benian,kbenian3j@usda.gov,443-754-8676,2017-02-10 07:11:25,2018-02-24 04:07:21
129,129,129,258,Weston Challes,lteissier3k@icq.com,220-373-9855,Laney Teissier,lteissier3k@latimes.com,171-574-8813,2016-04-08 08:42:00,2019-03-05 14:39:15
130,130,130,260,Cristie Hayter,estudholme3l@ucoz.com,519-885-2978,Eliot Studholme,estudholme3l@people.com.cn,388-360-3096,2016-12-12 20:28:56,2017-07-03 00:52:33
131,131,131,262,Hal Fleeman,tgame3m@sohu.com,119-943-9817,Trueman Game,tgame3m@goodreads.com,434-188-4637,2016-11-13 06:48:29,2018-06-17 10:22:00
132,132,132,264,Emmott Akenhead,gserrels3n@lulu.com,174-404-2966,Gabriel Serrels,gserrels3n@hhs.gov,422-244-9953,2017-04-24 00:54:32,2018-06-01 03:34:40
133,133,133,266,Marijn Allanson,cpersent3o@deviantart.com,917-407-9894,Charyl Persent,cpersent3o@e-recht24.de,941-432-1456,2017-01-29 09:15:43,2017-08-12 10:30:48
134,134,134,268,Druci Menham,cdugald3p@mlb.com,252-284-0648,Chantal Dugald,cdugald3p@latimes.com,536-638-2645,2017-03-11 08:59:42,2018-02-13 12:46:25
135,135,135,270,Thorstein Cirlos,slaminman3q@facebook.com,126-243-1637,Suzanne Laminman,slaminman3q@tinypic.com,779-345-1806,2016-07-31 00:20:40,2018-05-13 14:24:38
136,136,136,272,Gerik Jaggi,cbrownjohn3r@dailymotion.com,461-620-2083,Chloette Brownjohn,cbrownjohn3r@woothemes.com,389-598-4628,2017-03-17 08:13:26,2017-07-26 02:53:08
137,137,137,274,Legra Sharland,dblyden3s@ezinearticles.com,294-683-3384,Dona Blyden,dblyden3s@slideshare.net,388-456-6588,2016-07-25 15:57:02,2019-02-11 03:10:00
138,138,138,276,Moss Mathis,vwyman3t@marketwatch.com,712-341-6597,Vite Wyman,vwyman3t@symantec.com,916-332-9634,2016-08-21 15:20:28,2018-11-28 12:58:33
139,139,139,278,Sofia Kick,mbruton3u@slideshare.net,307-830-4437,Marget Bruton,mbruton3u@stanford.edu,529-998-8902,2016-12-06 04:36:02,2018-02-06 19:57:07
140,140,140,280,Penn Flescher,mfrancie3v@auda.org.au,266-283-4315,Marcus Francie,mfrancie3v@edublogs.org,143-905-9525,2017-02-22 17:37:43,2018-12-20 05:35:44
141,141,141,282,Willette McCumskay,mgrzegorczyk3w@hatena.ne.jp,472-467-0892,Mickey Grzegorczyk,mgrzegorczyk3w@telegraph.co.uk,526-924-6356,2017-03-22 13:49:06,2019-01-27 17:56:07
142,142,142,284,Ines Mateja,adawbury3x@blogs.com,913-813-7017,Annmarie Dawbury,adawbury3x@exblog.jp,100-938-6089,2017-02-16 22:08:18,2017-09-30 07:19:37
143,143,143,286,Sibby Rodgerson,lbelderson3y@paginegialle.it,152-324-2811,Laure Belderson,lbelderson3y@cocolog-nifty.com,257-851-9007,2017-05-06 22:55:17,2018-12-20 19:46:04
144,144,144,288,Jayme Minshall,nduddell3z@blogger.com,422-895-8046,Nettie Duddell,nduddell3z@vinaora.com,944-190-4644,2017-05-10 05:40:55,2018-06-19 08:07:36
145,145,145,290,Pincus Piggford,rrake40@seattletimes.com,143-568-1480,Roxine Rake,rrake40@wufoo.com,932-309-6417,2016-03-30 20:05:52,2018-11-23 11:17:48
146,146,146,292,Kiele Buckenham,mboyan41@mapy.cz,707-706-5163,Martica Boyan,mboyan41@mit.edu,676-509-3182,2017-06-06 19:23:04,2017-08-30 11:28:38
147,147,147,294,Reidar Aspinal,mrizzo42@ftc.gov,293-466-2833,Mirabella Rizzo,mrizzo42@ft.com,736-370-2823,2016-08-06 04:40:24,2017-09-29 12:45:58
148,148,148,296,Lonnie Quilkin,rsollime43@ocn.ne.jp,134-666-7566,Romonda Sollime,rsollime43@vistaprint.com,522-536-7080,2016-03-29 05:53:37,2018-02-27 01:42:49
149,149,149,298,Amandie Ginman,iculross44@samsung.com,311-909-3854,Immanuel Culross,iculross44@booking.com,402-434-9732,2016-12-19 00:57:23,2018-03-16 20:07:38
150,150,150,300,Ora Elt,eledeker45@amazon.co.uk,598-425-5194,Eileen Ledeker,eledeker45@ezinearticles.com,752-372-0176,2017-04-26 06:00:52,2017-08-05 05:18:44
151,151,151,302,Adah Bricknall,ahabbershon46@multiply.com,825-324-3506,Ava Habbershon,ahabbershon46@smh.com.au,621-262-5318,2016-10-22 15:00:58,2018-03-15 17:33:25
152,152,152,304,Casi Ivanuschka,vembling47@wunderground.com,701-878-1479,Vince Embling,vembling47@amazon.co.uk,483-865-5433,2016-08-17 16:43:07,2018-03-08 12:32:02
153,153,153,306,Kacey Nutter,gbaudasso48@storify.com,301-663-5201,Georgine Baudasso,gbaudasso48@yelp.com,249-478-7078,2017-04-14 06:35:42,2018-09-23 01:03:52
154,154,154,308,Bogart Jopp,sachrameev49@rakuten.co.jp,558-758-2952,Sheila Achrameev,sachrameev49@printfriendly.com,643-516-0852,2017-03-10 17:10:41,2018-04-06 15:34:06
155,155,155,310,Huntley Offiler,sashborn4a@china.com.cn,274-357-9867,Sayer Ashborn,sashborn4a@exblog.jp,161-824-8425,2016-09-10 18:05:48,2019-02-22 08:45:47
156,156,156,312,Shurlocke Espasa,gkurtis4b@weebly.com,144-883-7814,Gail Kurtis,gkurtis4b@blogger.com,646-422-0429,2016-04-27 17:08:38,2018-05-07 11:11:37
157,157,157,314,Clara Riggott,zbiddleston4c@disqus.com,693-747-8506,Zackariah Biddleston,zbiddleston4c@google.es,748-997-4385,2016-05-26 09:24:23,2018-09-21 07:11:08
158,158,158,316,Maia Fridlington,frackley4d@wp.com,505-791-4811,Franciskus Rackley,frackley4d@google.co.uk,291-427-1724,2017-03-20 08:12:22,2018-03-21 21:30:45
159,159,159,318,Bruce Gwillim,rmcghee4e@furl.net,647-298-9014,Reinwald McGhee,rmcghee4e@bigcartel.com,904-620-9275,2016-04-12 03:47:49,2018-04-07 01:55:39
160,160,160,320,Annie Dursley,gmutch4f@amazon.co.jp,704-473-0542,Gisella Mutch,gmutch4f@independent.co.uk,678-877-6257,2017-01-28 13:35:47,2018-05-13 22:10:53
161,161,161,322,Marni Hully,lbratten4g@cbslocal.com,820-867-2754,Leontine Bratten,lbratten4g@purevolume.com,982-885-2670,2017-05-11 14:13:48,2018-01-20 18:41:19
162,162,162,324,Jarrett de la Tremoille,ccrassweller4h@i2i.jp,116-732-8888,Carlynne Crassweller,ccrassweller4h@friendfeed.com,845-106-7058,2016-09-14 13:13:24,2017-10-29 03:51:27
163,163,163,326,Marinna Kenn,kmccusker4i@youtube.com,726-613-6866,Kessia McCusker,kmccusker4i@forbes.com,408-259-8017,2016-12-21 19:47:03,2017-12-11 19:24:35
164,164,164,328,Perle Artiss,eneeson4j@netlog.com,751-920-8807,Emelen Neeson,eneeson4j@flavors.me,485-681-7623,2017-03-03 04:18:59,2019-01-10 22:10:29
165,165,165,330,Retha Telezhkin,pcollaton4k@com.com,181-449-5894,Peyter Collaton,pcollaton4k@globo.com,790-691-4963,2017-03-18 15:00:58,2018-08-15 18:24:53
166,166,166,332,George Manton,mmundy4l@list-manage.com,801-487-2852,Miguelita Mundy,mmundy4l@cargocollective.com,871-135-4281,2016-11-06 14:19:41,2018-03-30 22:26:05
167,167,167,334,Roxane Lemmers,mclurow4m@cpanel.net,970-999-7828,Miguelita Clurow,mclurow4m@accuweather.com,180-701-0999,2016-05-23 07:01:34,2018-10-08 03:46:24
168,168,168,336,Alisa Kenafaque,ncasale4n@w3.org,957-484-8543,Northrup Casale,ncasale4n@pagesperso-orange.fr,383-745-7218,2016-09-04 15:46:57,2018-08-25 13:28:26
169,169,169,338,Cyndia Fossord,cbaybutt4o@businesswire.com,764-226-2650,Candie Baybutt,cbaybutt4o@example.com,692-443-2752,2016-11-26 14:16:54,2018-07-22 13:26:14
170,170,170,340,Janessa Mulqueen,wstening4p@google.com.br,526-460-3767,Westleigh Stening,wstening4p@globo.com,167-988-1667,2016-07-29 06:24:39,2017-12-10 08:58:44
171,171,171,342,Westley Gisbye,twillmot4q@sakura.ne.jp,471-251-2018,Thornton Willmot,twillmot4q@mit.edu,123-682-8962,2017-01-11 15:50:18,2018-09-13 12:16:23
172,172,172,344,Valma Shales,tdudleston4r@cdbaby.com,742-746-1337,Tamara Dudleston,tdudleston4r@miibeian.gov.cn,708-486-2699,2017-01-06 16:10:42,2018-03-31 22:09:36
173,173,173,346,Freida Pollack,dsenett4s@rambler.ru,173-270-3963,Del Senett,dsenett4s@gizmodo.com,646-378-4287,2017-02-09 05:07:49,2018-01-24 16:49:42
174,174,174,348,Brooks Westcott,dgrevile4t@hhs.gov,440-482-8078,Dorthy Grevile,dgrevile4t@gnu.org,168-105-8020,2017-04-19 01:45:39,2017-10-14 15:00:28
175,175,175,350,Templeton Bohills,mcalow4u@house.gov,974-442-2342,Millie Calow,mcalow4u@zdnet.com,594-824-2993,2016-03-25 09:00:27,2018-08-27 11:09:30
176,176,176,352,Emelyne Koschke,afairey4v@nature.com,723-679-2628,Antoine Fairey,afairey4v@studiopress.com,648-188-2410,2017-06-01 15:09:38,2018-03-25 12:10:17
177,177,177,354,Shayna Vasilenko,oabthorpe4w@wunderground.com,893-312-6288,Onfre Abthorpe,oabthorpe4w@accuweather.com,438-832-1240,2016-10-01 13:01:43,2017-09-12 00:12:19
178,178,178,356,Suzi Goggey,ehamnett4x@constantcontact.com,140-433-8640,Eugen Hamnett,ehamnett4x@list-manage.com,498-262-2770,2017-02-02 09:15:24,2018-11-13 10:19:16
179,179,179,358,Minda Verma,dkivlehan4y@canalblog.com,278-687-2144,Danya Kivlehan,dkivlehan4y@microsoft.com,755-551-0778,2016-12-04 08:00:49,2017-09-13 07:03:15
180,180,180,360,Traver Arents,aclewer4z@irs.gov,801-140-0649,Aurelie Clewer,aclewer4z@foxnews.com,447-952-6314,2016-12-21 06:04:59,2017-12-31 01:56:04
181,181,181,362,Dorice Brewster,flochhead50@usda.gov,146-732-1005,Francisca Lochhead,flochhead50@google.it,613-123-9676,2016-04-05 18:21:41,2017-09-09 07:58:14
182,182,182,364,Darrick Briscoe,nsterte51@dropbox.com,633-467-6331,Noemi Sterte,nsterte51@cnet.com,370-627-0198,2016-06-23 01:00:32,2018-08-22 20:34:44
183,183,183,366,Ruthanne Sloegrave,cvause52@deviantart.com,761-168-4441,Cassie Vause,cvause52@bandcamp.com,265-195-5648,2016-09-29 02:10:43,2018-03-03 20:21:47
184,184,184,368,Stearne McKeeman,sestable53@home.pl,599-263-7183,Sallyann Estable,sestable53@state.tx.us,349-666-3987,2016-04-28 02:10:38,2018-07-24 20:17:59
185,185,185,370,Marius Coronado,lbalnave54@webeden.co.uk,547-728-0818,Lavinie Balnave,lbalnave54@technorati.com,223-173-4357,2017-06-04 07:26:14,2018-10-04 19:46:31
186,186,186,372,Sonia Clague,pscogings55@chicagotribune.com,929-713-0170,Page Scogings,pscogings55@tumblr.com,853-256-1387,2016-08-21 19:58:44,2017-09-28 15:44:28
187,187,187,374,Tera Kinnerk,cbetjes56@mashable.com,483-137-0260,Christyna Betjes,cbetjes56@theguardian.com,480-500-1636,2016-12-04 00:54:20,2018-01-29 11:40:04
188,188,188,376,Mitchel Artus,bmossdale57@npr.org,790-761-4004,Bennett Mossdale,bmossdale57@fc2.com,412-405-2137,2016-11-08 07:38:10,2018-06-30 00:01:11
189,189,189,378,Shir Pallant,pharrisson58@ebay.co.uk,612-377-3100,Parrnell Harrisson,pharrisson58@house.gov,914-983-0660,2016-12-29 07:54:07,2018-07-10 11:22:21
190,190,190,380,Abby Duguid,zabendroth59@princeton.edu,848-800-5044,Zacharia Abendroth,zabendroth59@hhs.gov,615-546-4747,2017-04-24 17:44:38,2018-05-05 01:28:40
191,191,191,382,Warner Hilhouse,bteague5a@xing.com,915-518-0487,Burt Teague,bteague5a@ycombinator.com,217-774-1657,2017-05-11 06:57:54,2018-03-20 22:51:21
192,192,192,384,Tricia Collingwood,fmundy5b@ihg.com,858-507-9714,Frankie Mundy,fmundy5b@vk.com,403-259-2979,2017-04-18 22:57:44,2017-07-21 05:38:10
193,193,193,386,Shem Railton,rpolye5c@sakura.ne.jp,249-982-8818,Reinold Polye,rpolye5c@eepurl.com,873-507-3148,2016-05-05 04:16:50,2017-07-27 13:59:11
194,194,194,388,Ketty McGhee,ssailor5d@constantcontact.com,601-769-0213,Samson Sailor,ssailor5d@webeden.co.uk,701-923-8045,2016-04-22 18:10:32,2018-04-29 23:06:28
195,195,195,390,Darya Punshon,ugatman5e@washingtonpost.com,232-858-7394,Ulrich Gatman,ugatman5e@ustream.tv,897-429-4598,2017-05-21 04:50:24,2018-04-12 01:47:10
196,196,196,392,Carr Youings,lcolam5f@tinyurl.com,995-397-9912,Lynelle Colam,lcolam5f@thetimes.co.uk,702-175-0539,2016-12-27 04:41:00,2017-06-21 02:04:09
197,197,197,394,Eliot Ivashkin,yrentz5g@earthlink.net,257-172-7898,Yasmeen Rentz,yrentz5g@newsvine.com,338-482-1454,2016-06-21 14:09:28,2018-03-31 13:53:20
198,198,198,396,Scarface MacKaig,mliebermann5h@accuweather.com,931-210-8501,Marshall Liebermann,mliebermann5h@fastcompany.com,977-561-8111,2017-03-18 15:20:19,2017-12-06 21:17:47
199,199,199,398,Mellie O Hartagan,carmfield5i@cnet.com,840-724-9255,Cory Armfield,carmfield5i@eventbrite.com,991-277-6351,2016-06-28 14:52:21,2017-06-28 22:18:30
200,200,200,400,Vite Cordero,mpython5j@gmpg.org,977-765-2038,Molly Python,mpython5j@twitter.com,192-733-7367,2017-03-30 08:06:05,2018-07-19 21:07:38